{
    "tabs": {
        "00": {
            "tab_id": "00",
            "cwd": "/workspace/shadcn-ui",
            "observer": {
                "block": "Terminal",
                "uuid": "7c5455ac-db73-459f-beb4-5a7fb5312104",
                "enable_llm_stream": false,
                "callback_url": ""
            },
            "shell_command": [
                "bash"
            ],
            "command_terminator": "\n"
        },
        "01": {
            "tab_id": "01",
            "cwd": "/workspace/shadcn-ui",
            "observer": {
                "block": "Terminal",
                "uuid": "cfb45ee2-9931-4769-80d5-fbe7deb15f8e",
                "enable_llm_stream": false,
                "callback_url": ""
            },
            "shell_command": [
                "bash"
            ],
            "command_terminator": "\n"
        }
    },
    "current_tab_id": "01",
    "forbidden_commands": {
        "run preview": "Use Deployer.deploy_to_public instead.",
        "serve ": "Use Deployer.deploy_to_public instead.",
        "python -m http.server": "Use python -u -m http.server port_number instead."
    },
    "timeout": 300.0,
    "working_dir": "/workspace"
}